{"mean_reward": 229.9477433, "std_reward": 16.618888763241873, "is_deterministic": true, "n_eval_episodes": 10, "eval_datetime": "2023-07-28T18:46:04.103293"}