{"mean_reward": 433.0, "std_reward": 168.9260193102294, "is_deterministic": false, "n_eval_episodes": 10, "eval_datetime": "2023-08-06T10:54:40.126070"}