{
    "name": "root",
    "gauges": {
        "Huggy.Policy.Entropy.mean": {
            "value": 1.4100724458694458,
            "min": 1.4100724458694458,
            "max": 1.4309414625167847,
            "count": 40
        },
        "Huggy.Policy.Entropy.sum": {
            "value": 72051.8828125,
            "min": 68640.1875,
            "max": 75993.875,
            "count": 40
        },
        "Huggy.Environment.EpisodeLength.mean": {
            "value": 116.64470588235294,
            "min": 89.10144927536231,
            "max": 399.528,
            "count": 40
        },
        "Huggy.Environment.EpisodeLength.sum": {
            "value": 49574.0,
            "min": 48866.0,
            "max": 50148.0,
            "count": 40
        },
        "Huggy.Step.mean": {
            "value": 1999984.0,
            "min": 49318.0,
            "max": 1999984.0,
            "count": 40
        },
        "Huggy.Step.sum": {
            "value": 1999984.0,
            "min": 49318.0,
            "max": 1999984.0,
            "count": 40
        },
        "Huggy.Policy.ExtrinsicValueEstimate.mean": {
            "value": 2.2711760997772217,
            "min": 0.041279636323451996,
            "max": 2.429579257965088,
            "count": 40
        },
        "Huggy.Policy.ExtrinsicValueEstimate.sum": {
            "value": 965.2498779296875,
            "min": 5.1186747550964355,
            "max": 1308.109619140625,
            "count": 40
        },
        "Huggy.Environment.CumulativeReward.mean": {
            "value": 3.333337487893946,
            "min": 1.7454651623002944,
            "max": 3.896254328020721,
            "count": 40
        },
        "Huggy.Environment.CumulativeReward.sum": {
            "value": 1416.668432354927,
            "min": 216.4376801252365,
            "max": 2121.552093267441,
            "count": 40
        },
        "Huggy.Policy.ExtrinsicReward.mean": {
            "value": 3.333337487893946,
            "min": 1.7454651623002944,
            "max": 3.896254328020721,
            "count": 40
        },
        "Huggy.Policy.ExtrinsicReward.sum": {
            "value": 1416.668432354927,
            "min": 216.4376801252365,
            "max": 2121.552093267441,
            "count": 40
        },
        "Huggy.Losses.PolicyLoss.mean": {
            "value": 0.01707751780082213,
            "min": 0.014022525313400064,
            "max": 0.020934895841249575,
            "count": 40
        },
        "Huggy.Losses.PolicyLoss.sum": {
            "value": 0.051232553402466394,
            "min": 0.028045050626800128,
            "max": 0.056981387296885566,
            "count": 40
        },
        "Huggy.Losses.ValueLoss.mean": {
            "value": 0.03951326898402638,
            "min": 0.021933667610088983,
            "max": 0.0562992492897643,
            "count": 40
        },
        "Huggy.Losses.ValueLoss.sum": {
            "value": 0.11853980695207914,
            "min": 0.043867335220177966,
            "max": 0.1688977478692929,
            "count": 40
        },
        "Huggy.Policy.LearningRate.mean": {
            "value": 3.4778488407500025e-06,
            "min": 3.4778488407500025e-06,
            "max": 0.00029535352654882493,
            "count": 40
        },
        "Huggy.Policy.LearningRate.sum": {
            "value": 1.0433546522250007e-05,
            "min": 1.0433546522250007e-05,
            "max": 0.0008443353185548999,
            "count": 40
        },
        "Huggy.Policy.Epsilon.mean": {
            "value": 0.10115924999999999,
            "min": 0.10115924999999999,
            "max": 0.19845117500000004,
            "count": 40
        },
        "Huggy.Policy.Epsilon.sum": {
            "value": 0.30347775,
            "min": 0.20750185,
            "max": 0.5814451000000002,
            "count": 40
        },
        "Huggy.Policy.Beta.mean": {
            "value": 6.784657500000002e-05,
            "min": 6.784657500000002e-05,
            "max": 0.004922713632499999,
            "count": 40
        },
        "Huggy.Policy.Beta.sum": {
            "value": 0.00020353972500000006,
            "min": 0.00020353972500000006,
            "max": 0.01407411049,
            "count": 40
        },
        "Huggy.IsTraining.mean": {
            "value": 1.0,
            "min": 1.0,
            "max": 1.0,
            "count": 40
        },
        "Huggy.IsTraining.sum": {
            "value": 1.0,
            "min": 1.0,
            "max": 1.0,
            "count": 40
        }
    },
    "metadata": {
        "timer_format_version": "0.1.0",
        "start_time_seconds": "1691002686",
        "python_version": "3.10.12 (main, Jun 11 2023, 05:26:28) [GCC 11.4.0]",
        "command_line_arguments": "/usr/local/bin/mlagents-learn ./config/ppo/Huggy.yaml --env=./trained-envs-executables/linux/Huggy/Huggy --run-id=Huggy --no-graphics",
        "mlagents_version": "0.31.0.dev0",
        "mlagents_envs_version": "0.31.0.dev0",
        "communication_protocol_version": "1.5.0",
        "pytorch_version": "1.11.0+cu102",
        "numpy_version": "1.21.2",
        "end_time_seconds": "1691005118"
    },
    "total": 2432.440207172,
    "count": 1,
    "self": 0.8129269760001989,
    "children": {
        "run_training.setup": {
            "total": 0.04130038899995725,
            "count": 1,
            "self": 0.04130038899995725
        },
        "TrainerController.start_learning": {
            "total": 2431.585979807,
            "count": 1,
            "self": 4.494231546037099,
            "children": {
                "TrainerController._reset_env": {
                    "total": 6.045290221999949,
                    "count": 1,
                    "self": 6.045290221999949
                },
                "TrainerController.advance": {
                    "total": 2420.855773519963,
                    "count": 231769,
                    "self": 4.620489177169475,
                    "children": {
                        "env_step": {
                            "total": 1871.69178288597,
                            "count": 231769,
                            "self": 1577.3146814041327,
                            "children": {
                                "SubprocessEnvManager._take_step": {
                                    "total": 291.4595164309073,
                                    "count": 231769,
                                    "self": 17.146038831001874,
                                    "children": {
                                        "TorchPolicy.evaluate": {
                                            "total": 274.3134775999054,
                                            "count": 223060,
                                            "self": 274.3134775999054
                                        }
                                    }
                                },
                                "workers": {
                                    "total": 2.917585050930029,
                                    "count": 231769,
                                    "self": 0.0,
                                    "children": {
                                        "worker_root": {
                                            "total": 2423.7713095540407,
                                            "count": 231769,
                                            "is_parallel": true,
                                            "self": 1138.467359243093,
                                            "children": {
                                                "run_training.setup": {
                                                    "total": 0.0,
                                                    "count": 0,