{"mean_reward": -2.536508394777775, "std_reward": 0.6364829386637959, "is_deterministic": true, "n_eval_episodes": 10, "eval_datetime": "2023-08-06T11:53:17.403500"}