{"mean_reward": 925.761579067928, "std_reward": 168.73846433020714, "is_deterministic": true, "n_eval_episodes": 10, "eval_datetime": "2023-08-05T19:26:57.330533"}